,Харилцагчийн нэр,Эхний үлдэгдэл, Борлуулалтын авлага ,Хасагдсан дүн,Эцсийн үлдэгдэл,,
0,Advanced natural nutrition LLC/ Profit gym," 1,235,520.00 "," 9,217,890.00 "," 10,453,410.00 ", -   ,,
1,Anuxai Private Brand, -   ," 61,899,125.41 "," 61,899,125.41 ", -   ,,
2,Athlete gym /Түвшинтогтох 88063307/," 975,000.00 "," 11,862,050.00 "," 12,237,050.00 "," 600,000.00 ",,
3,Avangers gym Жавхлан /Спининг/," 630,000.00 "," 5,749,370.00 "," 4,630,000.00 "," 1,749,370.00 ",,
4,Bar86 gym/ Бар 86, -   ," 2,028,420.00 "," 2,028,420.00 ", -   ,,
5,CORPORATION GYM," 1,632,020.00 "," 106,920.00 ", -   ," 1,738,940.00 ",,
6,CU Сэнтрал экспресс Си ви эс хк CU," 50,992,313.10 "," 69,241,704.00 "," 120,234,017.10 ", -   ,,
7,California," 1,235,520.00 "," 6,118,830.00 "," 7,354,350.00 ", -   ,,
8,Cante / Кантэ энд ко ХХК, -   ," 2,745,600.00 "," 2,640,000.00 "," 105,600.00 ",,
9,City gym," 6,679,900.00 "," 6,714,390.00 "," 13,368,290.00 "," 26,000.00 ",,
10,Crossfit /Лхамаа/, -   ," 2,606,175.00 ", -   ," 2,606,175.00 ",,
11,Crown gym Нямаа," 716,150.00 "," 1,217,720.00 "," 1,933,870.00 ", -   ,,
12,Double B /Баярболд 88138849/," 1,565,400.29 "," 55,597,730.00 "," 55,598,040.00 "," 1,565,090.29 ",,
13,Efes/ Зайсан," 190,080.00 "," 366,720.00 "," 556,800.00 ", -   ,,
14,Efes/13-р салбар-Бөхийн өргөө, -   ," 366,720.00 "," 366,720.00 ", -   ,,
15,Encanto gym Яармаг /95517063/ Баасансүрэн," 785,200.00 "," 4,944,000.00 "," 5,528,200.00 "," 201,000.00 ",,
16,Erka BULTUUSH/ Эрдэнэбат," 1,983,150.00 "," 36,766,190.00 "," 37,651,340.00 "," 1,098,000.00 ",,
17,FITVEX gym," 885,520.00 "," 7,046,560.00 "," 7,932,080.00 ", -   ,,
18,GS25 / Дижитал Концепт ХХК," 29,073,053.82 "," 107,989,200.00 "," 137,062,253.82 ", -   ,,
19,Gold`s салбар, -   ," 108,196,747.00 "," 107,988,247.00 "," 208,500.00 ",,
20,"Golden Star fitness /77070744, 99090771/ Ариунэрдэнэ Ариулсан ХХК"," 2,266,650.00 "," 21,960,140.00 "," 23,852,518.00 "," 374,272.00 ",,
21,HUB center, (8.00)," 720,000.00 "," 719,992.00 ", -   ,,
22,Health Point, -   ," 3,567,600.00 ", -   ," 3,567,600.00 ",,
23,I RUN MONGOLIA," 410,400.00 "," 1,512,800.00 "," 1,923,200.00 ", -   ,,
24,King fitness , -   ," 1,550,000.00 ", -   ,,,
25,King fitness / king club, -   ," 967,680.00 "," 2,517,680.00 ",,,
26,M sky, -   ," 180,000.00 "," 180,000.00 ", -   ,,
27,MMart /Алтай хотхон/, -   ," 285,120.00 "," 285,120.00 ", -   ,,
28,MMart /Багшийн дээд/," 855,360.00 "," 95,040.00 "," 950,400.00 ", -   ,,
29,Monster gym Отгонбаяр, -   ," 6,039,660.00 "," 6,039,660.00 ", -   ,,
30,O`Resh /Хүннү 2222/, -   ," 113,754.00 "," 113,754.00 ", -   ,,
31,"Olymp Gym /88187600, 77070058/ Баяртогтох"," 1,267,520.00 "," 10,251,930.00 "," 11,311,520.00 "," 207,930.00 ",,
32,Physical gym, -   ," 4,435,520.00 "," 4,435,520.00 ", -   ,,
33,Prime capital LLC/ Cayenne restaurant, -   ," 558,225.00 "," 558,225.00 ", -   ,,
34,Proteam LLC , -   ," 180,000.00 "," 180,000.00 ", -   ,,
35,Shangrilla Шинэ Алтанзаан, -   ," 2,471,040.00 "," 2,471,040.00 ", -   ,,
36,Sodon gym /Nalaih/Batbayar," 1,336,900.00 "," 1,475,000.00 "," 1,550,000.00 "," 1,261,900.00 ",,
37,Star fitness /Од/, (3.00)," 28,703,040.00 "," 27,703,080.00 "," 999,957.00 ",,
38,Temuulel stars/ Тэмүүлэл стар, -   ," 690,930.00 ", -   ," 690,930.00 ",,
39,Tsendee," 2,571,520.00 "," 4,548,070.00 "," 7,119,590.00 ", -   ,,
40,UG Ананд Энх Ундрам ХХК (Банзрагч Энхзаяа), -   ," 13,393,440.00 "," 13,393,440.00 ", -   ,,
41,\Олимпус спортинг гүүдс/ Olimpus Gym /99047516/ Отгоо, -   ," 598,500.00 ", -   ," 598,500.00 ",,
42,Амитот ХХК/Coffee Esperanto," 528,000.00 "," 7,560,000.00 "," 7,278,000.00 "," 810,000.00 ",,
43,Анстак инк ХХК/Moffice coffee shop, -   ," 630,000.00 "," 630,000.00 ", -   ,,
44,Анхны хишиг /99980288-Нацагдорж/," 812,000.00 "," 2,279,320.00 "," 3,091,320.00 ", -   ,,
45,Апу дэйри, -   ," 1,283,040.00 "," 855,360.00 "," 427,680.00 ",,
46,Ачит  хонгор, -   ," 11,360,610.00 ", -   ," 11,360,610.00 ",,
47,Бадамханд, -   ," 8,500.00 "," 8,500.00 ", -   ,,
48,Бат итгэлт өргөө, -   ," 8,011,520.00 ", -   ," 8,011,520.00 ",,
49,Бат-Эрдэнэ, -   ," 240,000.00 ",," 240,000.00 ",,
50,Батбаяр Hawai, -   ," 14,163,040.00 "," 14,163,040.00 ", -   ,,
51,Батбаяр.С ALL star 88089203, -   ," 615,110,498.47 "," 615,110,498.47 ", -   ,,
52,Баянхонгор Мөнхтэнгэр, -   ," 5,970,070.00 ", -   ,,,
53,Баянхонгор Мөнхтэнгэр /Юнивал интернешнл ХХК/, -   ," 12,885,130.00 "," 18,855,200.00 ",,,
54,Белла Виста Клуб /Vista health club/М СИ ЭС ЭСТЭЙТС, -   ," 10,845,720.00 "," 10,845,720.00 ", -   ,,
55,Беттер ХХК / Better Burger, -   ," 6,390,000.00 "," 6,390,000.00 ", -   ,,
56,Бийзи бийнс ХХК/King tower/Кинг клуб," 748,440.00 "," 12,432,050.00 "," 13,180,490.00 ", -   ,,
57,Билгүүн," 8,523,633.70 "," 58,010,000.00 ",," 66,533,633.70 ",,
58,Билгүүн.Г," 232,326,238.99 "," 882,685.00 ",," 233,208,923.99 ",,
59,Битси энд ко ХХК / 97173113, -   ," 360,000.00 ", -   ," 360,000.00 ",,
60,Битси энд ко ХХК / 97173113 bitsy," 483,750.00 "," 2,191,200.00 "," 2,674,950.00 ", -   ,,
61,Бямбацогт," 308,545.29 "," 74,132,075.00 "," 74,132,075.00 "," 308,545.29 ",,
62,Грэй бэвэрэжэс ХХК/ Grey," (26,400.00)"," 211,200.00 "," 184,800.00 ", -   ,,
63,Гэрэлцэцэг/Galaxy fitness, -   ," 1,235,520.00 "," 1,235,520.00 ", -   ,,
64,Ди энд Ди кюзин ХХК / Bridge ресторан / 99954800, -   ," 90,000.00 "," 90,000.00 ", -   ,,
65,Еврофарм фармаси ХХК, -   ," 4,636,170.00 "," 4,636,170.00 ", -   ,,
66,Еркебулан /88360018/ Эрдэнэт," 9,438,449.29 "," 44,155,480.00 "," 50,289,080.00 "," 3,304,849.29 ",,
67,Жамц Private brand jack, -   ," 192,124,343.91 "," 59,216,500.00 "," 132,907,843.91 ",,
68,Зиндаа стейт ХХК, -   ," 270,000.00 ", -   ," 270,000.00 ",,
69,Идэрбат, -   ," 277,200.00 "," 277,200.00 ", -   ,,
70,Идэрбаяр Gold manager, -   ," 944,000.00 "," 944,000.00 ", -   ,,
71,Их талын таван эрдэнэ ХХК / Gusto Restaurant, -   ," 646,000.00 "," 646,000.00 ", -   ,,
72,Их Үйлс Үлэмж ХХК/ Gold`s Gym," 6,517,020.00 "," 21,990,290.00 "," 74,307,310.00 "," (45,800,000.00)",,
73,Комбасшн ХХК/ Naadam2," 16,879,440.00 "," 42,618,920.00 "," 59,274,360.00 "," 224,000.00 ",,
74,Корпорейт хотел энд конвейшн центр, -   ," 855,360.00 "," 855,360.00 ", -   ,,
75,Лаки энержи кинг ХХК / Oriental treasure, -   ," 1,260,000.00 "," 1,260,000.00 ", -   ,,
76,М-Армор/Budda vista," 1,162,760.00 "," 6,690,860.00 "," 7,853,620.00 ", -   ,,
77,Макслэр/maxler fitness /Тамираа 99188491/," 791,080.00 "," 17,324,000.00 "," 18,115,080.00 ", -   ,,
78,Монгол Бридж фүүдс ХХК/ Shangrila Gym /90114340/ Дагвадорж/," 4,218,890.28 "," 13,564,640.00 "," 15,845,840.00 "," 1,937,690.28 ",,
79,Мөнхийн жороо, -   ," 306,000.00 "," 306,000.00 ", -   ,,
80,Мөнхцэцэг," 500,000.00 "," 13,365.00 "," 1,236,006.95 "," (722,641.95)",,
81,Наадам 1 Шинэ/Цахим Цагираг ХХК, -   ," 57,442,190.00 "," 57,442,190.00 ", -   ,,
82,Наранбаяр, -   ," 1,303,130.00 "," 2,668,630.00 "," (1,365,500.00)",,
83,Номин," 22,950.00 "," 226,350.00 "," 226,350.00 "," 22,950.00 ",,
84,Номин /11-р хороолол/, -   ," 281,499.12 "," 281,499.12 ", -   ,,
85,Номин /19-Хануул/, -   ," 1,595,161.68 "," 1,595,161.68 ", -   ,,
86,Номин /32/," 281,499.12 "," 1,895,952.60 "," 2,177,451.72 ", (0.00),,
87,Номин /River 89883100/, -   ," 174,397.24 "," 174,397.24 ", -   ,,
88,Номин /United/, -   ," 375,332.16 "," 375,332.16 ", -   ,,
89,Номин /Билиг Их Дэлгүүр/, -   ," 187,666.08 "," 187,666.08 ", -   ,,
90,Номин /Зунжин/, -   ," 536,460.56 "," 536,460.56 ", (0.00),,
91,Номин /Их Монгол/, -   ," 442,627.52 "," 442,627.52 ", (0.00),,
92,Номин /Наадам/, -   ," 1,301,344.88 "," 1,301,344.88 ", -   ,,
93,Номин /Нарны зам/, -   ," 2,449,540.36 "," 2,449,540.36 ", -   ,,
94,Номин /Нисэх/, -   ," 93,833.04 "," 93,833.04 ", -   ,,
95,Номин /Сентоза/, -   ," 281,499.12 "," 281,499.12 ", -   ,,
96,Номин /УИД/, -   ," 817,959.68 "," 817,959.68 ", (0.00),,
97,Номин /яармаг Cedar/, -   ," 630,293.60 "," 630,293.60 ", -   ,,
98,Номин /яармаг/, -   ," 362,063.32 "," 362,063.32 ", -   ,,
99,Номин /Өнөр хороолол/, -   ," 281,499.12 "," 281,499.12 ", -   ,,
100,Номинтав трейд," 4,164,565.04 "," 3,895,853.40 "," 19,521,922.16 "," (11,461,503.72)",,
101,Олимпус спортинг гүүдс/ Olimpus Gym /99047516/ Отгоо," 112,320.00 "," 32,065,020.00 "," 32,775,840.00 "," (598,500.00)",,
102,Оргил /Амгалан/, -   ," 225,720.00 "," 225,720.00 ", -   ,,
103,Оргил /Сонсголон/, -   ," 451,440.00 "," 451,440.00 ", -   ,,
104,Оргил чариот, -   ," 23,023,820.00 "," 23,714,750.00 "," (690,930.00)",,
105,Очгэрэл, -   ," 3,568,000.00 ", -   ,,,
106,Очгэрэл Дархан king fitness, -   ," 8,529,330.00 "," 12,097,330.00 ",,,
107,Очир-Дагинас ххк," 270,000.00 "," 4,950,000.00 "," 5,344,500.00 "," (124,500.00)",,
108,Повер нутришн ХХК, -   ," 245,247,042.49 "," 245,247,042.49 ", -   ,,
109,Премиум палас, -   ," 13,496,020.00 "," 16,978,060.00 "," (3,482,040.00)",,
110,Премиум стэрн / Lantern restaurant," 3,462,000.00 "," 3,696,000.00 "," 2,473,839.00 "," 4,684,161.00 ",,
111,Примо Чао Чао ХХК, -   ," 1,800,000.00 "," 1,800,000.00 ", -   ,,
112,Ривер клуб/River club /Одончимэг 90999022/," 1,235,520.00 "," 8,694,000.00 "," 9,929,520.00 ", -   ,,
113,Рояал вэлфит/ Royal well fit, -   ," 8,350,560.00 "," 8,350,560.00 ", -   ,,
114,Сагсан бөмбөгийн холбоо, -   ," 4,198,150.00 "," 4,198,150.00 ", -   ,,
115,Сайншанд/95113028/Гантулга," 2,357,920.00 "," 6,150,000.00 "," 8,507,920.00 ", -   ,,
116,Соёлзул," 1,229,336.00 "," 220,500.00 ",," 1,449,836.00 ",,
117,Соёмбо Мөнх од апекс ХХК, -   ," 4,724,620.00 "," 4,724,620.00 ", -   ,,
118,Степпелинк холдинг ХХК / Steplink Holding, -   ," 4,890,000.00 "," 4,890,000.00 ", -   ,,
119,Стор пэй ххк storepay," 6,283,878.50 "," 56,093,550.00 "," 62,377,428.50 ", -   ,,
120,Түмэн занги Говь фитнесс, -   ," 3,956,040.00 "," 3,956,040.00 ", -   ,,
121,Фингэр энд фүүд ХХК, -   ," 160,380.00 "," 160,380.00 ", -   ,,
122,Фламм Продуктс ХХК /Flamme /, -   ," 5,749,920.00 "," 5,749,920.00 ", -   ,,
123,Фрэш пак ХХК/freshpack, -   ," 2,817,600.00 "," 3,376,000.00 "," (558,400.00)",,
124,Харилцагчгүй, -   ," 1,420,810,407.00 "," 1,420,810,407.00 ", -   ,,
125,Хас Мета Зам, -   ," 2,866,500.00 "," 2,866,500.00 ", -   ,,
126,Хулан уул ХХК/ Efes," 3,032,760.00 "," 475,200.00 "," 3,978,040.00 "," (470,080.00)",,
127,Хурд центр /Наадам центр/," 7,086,500.00 "," 9,734,650.00 "," 15,412,250.00 "," 1,408,900.00 ",,
128,ХӨШИГТТАУВЭР, -   ," 406,800.00 "," 406,800.00 ", -   ,,
129,Цамба түвшин, -   ," 450,000.00 "," 450,000.00 ", -   ,,
130,Цог гүүр ХХК, -   ," 1,555,360.00 "," 5,122,960.00 "," (3,567,600.00)",,
131,Цогжаргал," 2,003,635.00 "," 90,000.00 ", -   ," 2,093,635.00 ",,
132,Цогоо /94272727/ Өмнө-говь, -   ," 17,260,150.00 ", -   ,,,
133,Цогоо /94272727/ Өмнөговь Цог ялалт," 3,120,000.00 "," 6,182,840.00 "," 26,562,990.00 ",,,
134,Цогт мандал тэмүүлэл ХХК, -   ," 1,284,900.00 ", -   ,,,
135,Цогт мандал тэмүүлэл ХХК /Health point/, -   ," 1,975,625.00 "," 3,270,300.00 ",,,
136,Цэнд-Аюуш," (106,180.74)"," 614,770.00 "," 508,589.26 ", -   ,,
137,Чонос /95870727/," 3,041,420.00 "," 14,839,890.00 "," 17,881,310.00 ", -   ,,
138,Шинээ спиннинг, -   ," 25,626,470.00 "," 24,826,470.00 "," 800,000.00 ",,
139,Эгшиглэн, -   ," 102,000.00 "," 933,840.92 "," (831,840.92)",,
140,Эл поза ХХК/ El poza 505, -   ," 602,400.00 "," 602,400.00 ", -   ,,
141,Энх ундрах ХХК / AIM e-sport center, -   ," 450,000.00 "," 450,000.00 ", -   ,,
142,Энх-Эрдэнэ, -   ," 60,000.00 "," 251,279.44 "," (191,279.44)",,
143,Энхжаргал," 534,240.00 "," 147,510.00 "," 681,750.00 ", -   ,,
144,Энхцэцэг," 249,850.00 "," 225,200.00 ",," 475,050.00 ",,
145,Эрдэнэс цог жавхлан ХХК, -   ," 1,235,520.00 "," 1,235,520.00 ", -   ,,
146,Эрдэнэт gym /Хишигжаргал 99430043/," 400,000.00 "," 2,445,950.00 "," 2,845,950.00 ", -   ,,
147,Эс ди сервис/ jardin gym, -   ," 3,849,120.00 "," 3,849,120.00 ", -   ,,
148,Үүрийнтуяа," 10,097,283.32 "," 1,248,635.00 "," 2,546,200.00 "," 8,799,718.32 ",,
149,Нийт," 439,378,510.00 "," 3,831,210,620.76 "," 3,843,224,410.72 "," 427,374,495.04 ",,
