,Барааны нэр,PN Store,Агуулах,Оффис
0,After 420g,-3,0,0
1,Amino Liquid currant 1л шилтэй,2,0,0
2,Anuxai Shaker 500ml+150,-300,300,300
3,BCAA Powder 420гр,1,0,0
4,Bedford 2,0,0,5
5,Bedford 5,0,0,1
6,Club mate 500мл,1,0,0
7,Crush Bar - Toffee coconut 64g,-4,0,0
8,EAA Zero 350g Lemon,1,0,0
9,EAA Zero 350g blue grape,-1,0,0
10,EAA Zero 350гр,0,2,0
11,Energy gel 60g Orange,-3,0,0
12,Fitness cream 200ml,0,0,2
13,Glucosamine 60caps,0,1,0
14,Hyper Mass - Caramel cappuchino 1kg,2,0,0
15,Hyper Mass - Chocolate 1kg,-1,0,0
16,Hyper Mass - Vanilla 1kg,-1,0,0
17,Hyper Mass 1000гр,1,0,13
18,Hyper mass sample,0,0,2
19,ISO Whey 500гр,9,0,0
20,Jack's WPC 1000g,0,400,0
21,Jack's amino 300g,-1,0,0
22,Jack's book,0,0,3
23,Jack's prework out,1,0,0
24,L-Carnitine 100.000,3,0,3
25,L-Carnitine 100.000 - Apple 500ml,1,0,0
26,L-Carnitine 100.000 - Cherry 500ml,-4,0,0
27,L-Carnitine drink 500ml Apple peach,-13,0,0
28,L-Carnitine drink 500ml- Strawberry kiwi,1,0,0
29,L-Carnitine shot,-132,0,0
30,L-carnitine ampul 25ml lemon,132,0,0
31,Magna shot 25ml,0,0,6
32,Mineral Plex 1000мл шилтэй,2,528,0
33,Mission 210g,0,0,9
34,Nitrox - Blue grape 680g,-9,0,0
35,Nitrox - Cranberry 680гр,-18,0,0
36,Nitrox - Peach 680гр,12,0,0
37,Nitrox - Tropical 680гр,6,0,0
38,Nitrox 680гр,1,0,1
39,Oatmeal 1kg apple,3,0,0
40,Oatmeal 1kg apple&banana,-3,0,0
41,Omega 3 /90ш/,2,0,0
42,Peanut Butter 400gr smooth Nano sups,21,0,0
43,Peanut butter 400g smooth Biotech,-2,0,0
44,Power Amino,-102,-390,0
45,Power Amino - Blackcurrant 500g,104,389,0
46,Power BCAA,0,0,2
47,Power BCAA - Green apple 1х*6ш*420гр,-1,-1,0
48,Power Casein,1,0,101
49,Power Creatine 300гр,6,-7,0
50,Power Mass,5,4,2
51,Power Mass - Chocolate 5kg,2,4,0
52,Power Mass - Vanilla 5kg,-1,-5,0
53,Power Testo 120caps,11,0,3
54,Power Whey - Vanilla 2250g,-2,0,0
55,Power Whey 2250гр,16,6,0
56,Power boost - Lemon 1х*6ш*360гр,1,0,0
57,Power professional,-35,-228,0
58,Power professional 1х*6ш*500гр,35,228,0
59,Power бүс,16,0,0
60,Pro tan DIY,41,0,0
61,Protan DIY,-42,0,0
62,Protein bar nanosupps,3,0,0
63,Protein cream 400g Chocolate hazelnut,-1,0,0
64,Protein cream 400g White chocolate Hazelnut,4,0,0
65,Protein cream 400g peanut butter smooth,-23,0,0
66,Protein cream 400гр,1,0,0
67,Pump caffeine free 330g,-3,0,0
68,Rice pudding powder 2000g,0,0,2
69,Shaker 600ml,11,0,4
70,Shaker 600ml /угсардаг нэмэлттэй/ таслагчтай,1,0,0
71,Sleep & Relax 450g,-1,0,0
72,Test-x 150ш,1,0,0
73,Tribooster 60ш,-5,0,1
74,Vitamin C 60ш,-1,0,0
75,Vitamin D3 K2 /60ш/,-1,2,127
76,ZMA 60ш,7,2,6
77,Zero bar,2,0,0
78,Zinc 60ш,-1,0,0
79,Суга суниалт,2,0,0
80,Түгжээ,5,0,0
81,Ундаа Amino 330ml Lemon soda,106,-96,0
82,Ундаа Amino 330ml Passion fruit,-74,389,0
83,Ундаа Amino 330ml Raspberry,93,-592,0
84,Ундаа Amino 330ml Super pear,298,-264,0
85,Ундаа Amino 330ml Waikiki,815,-816,0
86,Ундаа Amino 330ml Watermelon,0,11,0
87,Ундаа Amino 330ml cucumber lime,-12,0,0
88,Ундаа Collagen vibe 330ml Mohito,857,7316,0
89,Ундаа Collagen vibe 330ml Mojito,-925,-7316,0
90,Ундаа Collagen vibe 330ml Passion fruit,-49,0,0
91,Ундаа Collagen vibe 330ml Pineapple coconut,-25,0,0
92,Фитнесс бүс /Хар/ XXL,1,0,0
93,Хүзүү төхөөрөмж,1,0,0
94,Хүргэлтийн төлбөр,4076,0,0
95,Хөргөгч Amino vibe босоо шилэн нүүртэй,2,0,0
96,Хөргөгч Amino vibe дугуй,1,0,0
97,Шуу төхөөрөмж,2,0,0
98,Нийт,4930,-133,593
